Elspot Prices in DKK/MWh,,,,,,,,,,,,,,,,,,,,,,
Data was last updated 10-03-2022,,,,,,,,,,,,,,,,,,,,,,
,SYS,SE1,SE2,SE3,SE4,FI,DK1,DK2,Oslo,Kr.sand,Bergen,Molde,Tr.heim,TromsÃ¸,EE,LV,LT,AT,BE,DE-LU,FR,NL
01-01-2021,"203,65","194,76","194,76","194,76","269,63","195,33","360,13","360,13","194,21","194,21","194,21","190,86","190,86","168,71","269,63","269,63","269,63",,,,,
02-01-2021,"223,13","234,97","234,97","234,97","321,25","244,16","376,24","376,24","199,78","199,78","199,78","228,33","228,33","180,58","321,25","321,25","321,25",,,,,
03-01-2021,"191,74","191,84","191,84","191,84","203,20","192,18","211,67","223,03","191,84","191,84","191,84","191,84","191,84","163,55","235,43","235,43","235,43",,,,,
04-01-2021,"289,77","313,82","313,82","313,82","326,55","322,65","313,82","326,55","309,63","309,63","309,63","313,82","313,82","145,91","324,19","324,19","326,55",,,,,
05-01-2021,"325,44","351,72","351,72","351,72","351,72","351,72","351,67","351,72","342,26","342,26","342,26","351,72","351,72","149,38","351,72","351,72","351,72",,,,,
06-01-2021,"293,78","305,41","305,41","305,41","305,41","305,41","305,41","305,41","305,41","305,41","305,41","305,41","305,41","178,53","305,41","305,41","305,41",,,,,
07-01-2021,"472,16","503,09","503,09","503,09","503,09","503,09","503,48","507,22","501,43","501,43","501,43","503,09","503,09","210,96","503,09","503,09","503,09",,,,,
08-01-2021,"532,37","570,73","570,73","570,73","570,73","570,73","571,98","571,98","570,03","570,03","570,03","570,73","570,73","245,68","570,73","570,73","570,73",,,,,
09-01-2021,"381,35","386,97","386,97","411,89","419,07","411,89","433,40","433,81","410,38","410,38","410,38","307,32","307,32","257,38","411,89","411,89","419,07",,,,,
10-01-2021,"309,66","312,53","312,53","312,53","319,33","312,53","322,48","322,48","312,53","312,53","312,53","291,02","291,02","265,21","312,53","312,53","319,33",,,,,
11-01-2021,"307,92","306,06","306,06","309,09","313,14","318,80","310,67","314,47","309,36","309,36","309,36","306,06","306,06","297,48","369,13","369,13","369,13",,,,,
12-01-2021,"280,48","236,91","236,91","325,88","336,89","325,88","326,27","337,43","333,44","333,44","333,44","243,85","243,85","234,51","335,04","335,04","338,64",,,,,
13-01-2021,"314,59","302,70","302,70","313,14","313,14","379,94","313,14","313,14","313,14","313,14","313,14","302,70","302,70","278,17","393,09","393,09","393,09",,,,,
14-01-2021,"510,96","525,93","525,93","535,25","536,37","575,62","523,83","536,37","523,83","523,83","523,83","525,93","525,93","469,63","575,62","573,19","573,19",,,,,
15-01-2021,"401,88","319,93","319,93","547,96","548,59","581,30","542,23","550,89","541,44","540,70","540,70","319,93","319,93","289,89","581,30","581,30","581,30",,,,,
16-01-2021,"368,32","311,05","311,05","407,00","408,56","464,74","409,47","410,52","405,74","405,74","405,74","304,91","304,91","299,04","464,74","464,74","464,74",,,,,
17-01-2021,"368,90","332,72","332,72","393,20","394,61","394,29","394,26","395,68","389,93","389,93","389,93","316,49","316,49","314,63","402,15","402,15","402,15",,,,,
18-01-2021,"406,13","376,75","376,75","408,62","410,48","460,78","406,95","411,85","405,59","405,59","405,59","362,44","362,44","362,43","460,78","460,78","460,78",,,,,
19-01-2021,"340,82","329,89","329,89","337,21","337,21","444,31","336,30","337,21","336,31","336,31","336,31","305,76","305,76","305,76","444,31","444,31","444,31",,,,,
20-01-2021,"262,70","254,46","254,46","260,67","267,38","409,53","259,95","267,38","260,73","260,73","260,73","253,76","253,76","253,76","415,82","415,82","415,82",,,,,
21-01-2021,"220,38","200,14","200,14","229,57","229,57","283,38","209,26","229,57","230,33","230,33","230,33","200,14","200,14","200,14","377,05","377,05","377,05",,,,,
22-01-2021,"217,63","187,45","187,45","221,29","221,29","221,29","220,16","221,81","230,85","230,85","233,60","197,92","197,92","194,29","340,64","340,64","340,64",,,,,
23-01-2021,"273,69","247,03","247,03","284,37","324,27","284,37","366,81","359,68","292,39","292,39","292,39","247,03","247,03","247,03","324,27","324,27","324,27",,,,,
24-01-2021,"332,99","355,82","355,82","355,82","356,26","355,82","365,79","365,79","355,82","355,82","355,82","337,28","337,28","228,70","355,82","355,82","358,60",,,,,
25-01-2021,"399,24","379,34","379,34","447,69","447,69","448,28","450,04","450,04","447,69","447,69","447,69","379,46","379,46","288,03","448,28","448,28","448,28",,,,,
26-01-2021,"397,59","368,00","368,00","446,87","446,87","449,53","454,64","455,17","446,87","446,87","446,87","368,00","368,00","285,45","449,53","449,53","449,53",,,,,
27-01-2021,"413,85","395,70","395,70","430,69","430,69","430,91","430,09","430,83","430,10","430,10","430,10","395,70","395,70","373,64","430,91","430,91","430,91",,,,,
28-01-2021,"422,66","413,63","413,63","432,04","432,04","437,91","416,42","432,04","422,13","416,42","416,51","411,71","411,71","411,71","437,91","437,91","437,91",,,,,
29-01-2021,"384,17","379,33","379,33","407,10","407,10","413,12","370,43","407,10","396,12","372,12","386,35","374,08","374,08","374,08","413,12","413,12","413,12",,,,,
30-01-2021,"357,96","348,33","348,33","363,46","363,61","363,46","361,96","363,61","363,46","363,46","363,46","348,33","348,33","348,33","363,46","363,46","363,61",,,,,
31-01-2021,"359,23","359,31","359,31","359,31","359,31","359,31","358,74","359,31","359,31","359,05","359,31","359,31","359,31","359,31","359,31","359,31","359,31",,,,,
01-02-2021,"554,59","622,06","622,06","641,81","641,81","646,58","427,74","641,81","641,07","430,26","621,32","622,06","622,06","622,06","646,58","646,58","646,58",,,,,
02-02-2021,"462,67","503,55","503,55","503,55","503,55","506,97","406,35","503,55","503,04","406,35","503,04","503,55","503,55","503,55","506,97","506,97","506,97",,,,,
03-02-2021,"349,15","329,95","329,95","390,01","390,01","408,80","331,14","390,01","390,01","338,98","390,01","329,95","329,95","329,95","408,80","408,80","408,80",,,,,
04-02-2021,"369,70","303,38","303,38","439,49","439,49","447,69","387,06","439,49","439,49","389,44","439,49","303,71","303,71","303,38","447,69","447,69","447,69",,,,,
05-02-2021,"413,67","340,68","340,68","585,48","585,48","590,34","382,15","585,48","585,48","382,30","585,48","341,28","341,28","262,30","590,34","590,34","590,34",,,,,
06-02-2021,"306,83","324,86","324,86","339,06","339,06","339,06","270,54","339,06","339,06","295,59","339,06","324,86","324,86","242,94","339,06","339,06","367,45",,,,,
07-02-2021,"286,47","301,97","301,97","302,31","302,31","302,31","146,56","302,31","302,31","285,32","302,31","301,97","301,97","265,27","302,31","302,31","302,31",,,,,
08-02-2021,"393,85","382,32","382,32","416,32","416,32","439,70","320,42","416,32","416,32","376,58","416,32","382,32","382,32","382,32","439,70","439,70","439,70",,,,,
09-02-2021,"484,81","464,77","464,77","515,75","515,75","533,48","475,35","515,75","515,75","475,35","515,75","464,77","464,77","447,03","533,48","533,48","533,48",,,,,
10-02-2021,"477,33","408,02","408,02","538,41","538,41","547,26","536,57","538,41","538,41","536,57","538,41","408,02","408,02","362,86","547,26","547,26","547,26",,,,,
11-02-2021,"559,14","367,10","367,10","732,83","732,83","741,63","589,77","732,83","732,83","589,77","732,83","367,10","367,10","367,10","741,63","741,63","741,63",,,,,
12-02-2021,"366,47","298,74","298,74","601,20","601,20","613,51","464,63","601,20","597,66","464,63","597,66","298,74","298,74","296,41","613,51","613,51","613,51",,,,,
13-02-2021,"347,13","276,65","276,65","395,78","395,78","395,78","395,78","395,78","395,78","395,78","395,78","276,65","276,65","276,65","397,87","397,87","397,87",,,,,
14-02-2021,"335,91","321,31","321,31","345,83","345,83","345,83","341,28","345,83","345,83","341,27","345,83","321,31","321,31","321,31","345,83","345,83","345,83",,,,,
15-02-2021,"376,39","331,91","331,91","473,40","473,40","505,63","374,82","473,40","473,09","378,04","473,09","331,91","331,91","331,91","514,01","514,01","514,01",,,,,
16-02-2021,"394,28","340,66","340,66","455,50","455,50","473,74","388,81","455,85","406,13","388,46","406,13","340,47","340,47","340,47","487,31","487,31","487,31",,,,,
17-02-2021,"350,39","302,07","302,07","371,96","371,96","591,64","369,35","371,96","370,95","369,35","370,95","296,65","296,65","296,65","591,64","591,64","591,64",,,,,
18-02-2021,"324,65","299,75","299,75","337,65","337,65","510,81","337,61","337,65","332,96","330,92","332,96","284,78","284,78","268,21","510,81","510,78","510,78",,,,,
19-02-2021,"346,93","332,90","332,90","354,40","355,03","450,26","354,72","355,20","347,36","347,36","347,36","310,23","310,23","288,52","467,90","467,90","467,90",,,,,
20-02-2021,"271,31","270,75","270,75","270,75","271,88","353,75","253,18","271,88","270,75","267,83","270,75","269,86","269,86","268,52","407,44","407,44","407,44",,,,,
21-02-2021,"259,20","260,49","260,49","260,49","275,98","260,49","244,83","277,41","260,49","260,49","260,49","259,96","259,96","249,93","289,77","289,77","289,77",,,,,
22-02-2021,"323,53","329,17","329,17","339,43","367,01","343,37","367,99","368,34","314,50","314,50","314,50","312,67","312,67","312,67","416,36","416,36","416,36",,,,,
23-02-2021,"291,62","302,88","302,88","307,40","331,80","308,35","330,64","333,93","288,39","288,39","288,39","275,32","275,32","272,25","371,14","371,14","371,14",,,,,
24-02-2021,"233,13","224,14","224,14","238,57","254,00","278,42","233,16","254,31","238,83","238,83","238,83","224,14","224,14","224,14","307,40","307,40","307,40",,,,,
25-02-2021,"228,06","210,31","210,31","236,29","243,60","247,99","246,55","246,55","238,60","238,60","238,60","210,31","210,31","210,31","302,92","302,92","302,92",,,,,
26-02-2021,"208,50","189,39","189,39","214,78","215,45","257,11","225,06","225,06","226,15","226,15","226,15","189,39","189,39","189,39","273,72","273,72","273,72",,,,,
27-02-2021,"229,19","189,84","189,84","242,07","284,79","241,82","334,13","334,13","263,20","263,20","263,20","189,84","189,84","189,84","284,79","284,79","284,79",,,,,
28-02-2021,"208,44","176,84","176,84","214,08","235,42","213,68","305,01","305,01","256,43","256,43","256,43","176,84","176,84","176,84","231,18","231,18","235,42",,,,,
01-03-2021,"243,45","180,47","180,47","255,32","309,56","255,32","365,67","366,61","282,02","282,02","282,02","180,47","180,47","180,47","326,01","326,01","326,01",,,,,
02-03-2021,"261,89","193,85","193,85","298,40","371,07","301,95","397,81","397,81","315,89","315,89","315,89","193,85","193,85","193,85","393,86","393,86","396,17",,,,,
03-03-2021,"265,42","194,58","194,58","294,70","383,45","305,13","383,77","383,77","317,38","317,38","317,38","194,58","194,58","194,58","430,18","430,18","430,18",,,,,
04-03-2021,"269,51","197,27","197,27","328,42","397,04","336,50","397,40","397,40","309,27","309,27","309,27","197,27","197,27","197,27","391,57","391,57","418,73",,,,,
05-03-2021,"291,62","206,72","206,72","356,30","400,07","397,07","398,57","400,07","359,42","359,42","359,42","206,72","206,72","206,72","415,39","415,39","436,57",,,,,
06-03-2021,"206,57","164,55","164,55","164,55","258,11","164,55","258,78","258,11","273,53","273,53","273,53","164,55","164,55","164,55","233,03","233,03","258,11",,,,,
07-03-2021,"224,21","172,28","172,28","200,60","254,09","200,35","295,73","269,43","279,36","279,36","279,36","172,28","172,28","172,28","241,74","241,74","254,09",,,,,
08-03-2021,"341,51","211,93","211,93","415,36","454,33","417,39","458,10","458,62","425,77","425,77","425,77","211,93","211,93","211,93","417,39","417,39","454,33",,,,,
09-03-2021,"342,41","213,20","213,20","402,24","454,02","405,79","452,97","454,02","413,54","413,54","413,54","213,20","213,20","213,20","407,84","407,84","454,66",,,,,
10-03-2021,"278,74","195,06","195,06","422,00","446,01","473,94","352,04","446,01","325,73","323,81","325,73","195,06","195,06","195,06","473,94","473,94","491,24",,,,,
11-03-2021,"194,26","165,89","165,89","207,07","207,07","260,28","185,77","207,07","259,15","259,15","259,15","166,49","166,49","166,49","260,98","260,98","260,98",,,,,
12-03-2021,"231,67","194,33","194,33","211,73","220,14","264,31","165,73","223,84","266,62","266,62","266,62","194,57","194,57","194,57","267,16","267,16","269,68",,,,,
13-03-2021,"228,49","205,66","205,66","214,28","214,28","221,53","119,07","214,28","269,61","269,61","269,61","205,66","205,66","205,66","221,53","221,53","221,53",,,,,
14-03-2021,"244,39","218,63","218,63","237,04","244,61","237,04","144,38","244,61","275,64","275,64","275,64","218,63","218,63","218,63","237,59","237,59","244,61",,,,,
15-03-2021,"322,17","246,92","246,92","341,40","360,23","394,28","358,11","360,68","325,79","325,79","325,79","246,92","246,92","244,05","399,28","399,28","414,12",,,,,
16-03-2021,"324,02","229,35","229,35","351,89","414,83","395,94","415,79","415,51","354,44","354,44","354,44","229,35","229,35","226,03","410,37","410,37","440,74",,,,,
17-03-2021,"342,10","243,62","243,62","371,14","425,23","372,96","428,63","428,63","377,98","377,98","377,98","243,62","243,62","240,19","378,53","378,53","425,23",,,,,
18-03-2021,"334,22","245,90","245,90","364,71","473,51","363,78","481,80","481,80","333,49","333,49","333,49","245,90","245,90","240,77","409,73","409,73","473,51",,,,,
19-03-2021,"305,77","238,79","238,79","371,65","420,44","381,24","419,29","421,97","316,04","316,04","316,04","231,53","231,53","202,46","381,24","381,24","435,17",,,,,
20-03-2021,"214,84","162,85","162,85","170,79","321,10","170,30","312,26","321,67","282,01","282,01","282,01","162,85","162,85","162,85","170,30","170,30","321,10",,,,,
21-03-2021,"188,88","137,14","137,14","149,30","212,27","137,14","237,09","212,44","272,68","272,68","272,68","137,14","137,14","137,14","137,14","137,14","212,27",,,,,
22-03-2021,"274,39","174,86","174,86","310,49","393,79","358,20","435,85","427,41","317,24","317,24","317,24","174,74","174,74","174,74","359,74","359,74","393,79",,,,,
23-03-2021,"254,04","165,90","165,90","271,25","418,34","267,37","444,82","422,91","317,14","317,14","317,14","166,07","166,07","166,07","340,11","340,11","418,34",,,,,
24-03-2021,"231,09","156,18","156,18","222,88","373,16","223,31","389,93","391,14","293,53","293,53","293,53","156,18","156,18","156,18","290,58","290,58","377,20",,,,,
25-03-2021,"261,04","164,94","164,94","246,22","406,26","321,86","421,83","434,08","300,03","300,03","300,03","164,94","164,94","164,94","342,09","342,09","420,76",,,,,
26-03-2021,"236,69","164,05","164,05","248,16","342,48","291,41","317,49","353,04","287,36","287,36","287,36","162,93","162,93","162,88","354,24","354,24","413,90",,,,,
27-03-2021,"167,98","137,52","137,52","137,52","170,11","137,52","181,21","216,54","272,23","272,23","272,23","142,59","142,59","142,34","137,52","137,52","170,11",,,,,
28-03-2021,"178,50","144,96","144,96","144,96","159,37","144,96","170,72","187,66","279,54","279,54","279,54","144,96","144,96","144,96","144,96","144,96","159,37",,,,,
29-03-2021,"188,69","155,37","155,37","174,73","210,81","174,73","227,65","210,81","271,49","271,49","271,49","152,99","152,99","152,99","332,66","332,66","332,66",,,,,
30-03-2021,"195,16","136,55","136,55","200,46","298,47","201,67","336,64","309,46","286,34","286,34","286,34","136,55","136,55","136,55","339,08","339,08","339,08",,,,,
31-03-2021,"238,82","147,73","147,73","248,03","381,53","256,27","436,17","436,17","297,18","297,18","297,18","147,73","147,73","147,73","384,69","384,69","395,71",,,,,
01-04-2021,"222,84","139,03","139,03","241,04","318,35","261,73","347,04","357,10","295,47","295,47","295,47","139,03","139,03","139,03","328,25","328,25","344,84",,,,,
02-04-2021,"157,81","121,03","121,03","138,18","234,43","224,45","246,16","272,02","245,66","245,66","254,65","121,85","121,85","121,85","273,77","273,77","289,93",,,,,
03-04-2021,"181,83","136,65","136,65","147,21","223,96","152,98","292,39","266,68","272,81","272,81","272,81","136,65","136,65","136,65","201,86","201,86","223,96",,,,,
04-04-2021,"108,43","77,77","77,77","77,77","92,10","77,77","156,25","154,79","205,83","205,83","228,44","80,85","80,85","82,19","86,92","86,92","92,10",,,,,
05-04-2021,"42,92","51,52","51,52","52,83","52,83","52,83","-79,54","18,21","133,05","133,05","162,41","72,39","72,39","72,39","52,83","52,83","52,83",,,,,
06-04-2021,"207,36","139,98","139,98","215,70","221,10","241,22","217,70","221,10","272,55","244,87","270,90","140,35","140,35","140,35","257,50","257,50","257,50",,,,,
07-04-2021,"260,21","146,39","146,39","316,26","317,18","347,78","349,86","317,18","351,12","292,12","303,17","146,39","146,39","146,39","347,78","347,78","347,78",,,,,
08-04-2021,"296,34","215,53","215,53","341,46","341,46","364,32","332,11","341,46","353,90","294,09","310,08","215,53","215,53","215,53","377,85","377,85","377,85",,,,,
09-04-2021,"203,71","138,63","138,63","147,33","147,33","148,93","175,54","175,54","274,07","274,07","274,07","147,07","147,07","147,06","148,93","148,93","148,93",,,,,
10-04-2021,"256,60","147,85","147,85","147,85","315,87","147,85","397,13","397,13","303,75","303,75","303,75","148,68","148,68","148,68","279,71","279,71","315,87",,,,,
11-04-2021,"277,21","170,31","170,31","197,12","295,83","194,12","356,79","355,13","307,84","307,84","307,84","170,31","170,31","170,31","295,83","295,83","295,83",,,,,
12-04-2021,"302,51","171,83","171,83","284,64","312,80","303,23","331,53","322,11","328,96","328,96","328,96","171,83","171,83","171,83","309,11","309,11","313,33",,,,,
13-04-2021,"310,36","178,28","178,28","303,75","352,13","369,75","365,91","355,61","324,83","324,83","324,83","178,28","178,28","178,28","377,69","377,69","395,32",,,,,
14-04-2021,"336,28","176,75","176,75","420,89","457,19","420,89","502,93","502,93","429,74","411,85","358,84","178,09","178,09","176,75","421,35","421,35","457,19",,,,,
15-04-2021,"354,58","202,81","202,81","400,31","421,23","401,24","479,36","479,36","448,59","438,64","399,41","203,30","203,30","195,69","401,24","401,24","421,23",,,,,
16-04-2021,"352,13","222,32","222,32","323,40","349,23","356,17","408,56","408,56","387,30","386,52","358,58","222,32","222,32","200,91","356,17","356,17","367,64",,,,,
17-04-2021,"329,67","195,94","195,94","195,94","334,93","196,99","437,67","432,92","360,29","360,29","360,29","195,94","195,94","189,19","334,93","334,93","334,93",,,,,
18-04-2021,"322,28","185,94","185,94","185,94","356,81","186,47","456,43","425,70","363,77","363,77","363,77","185,94","185,94","185,94","356,81","356,81","356,81",,,,,
19-04-2021,"345,45","247,91","247,91","289,37","399,19","357,85","527,64","522,23","353,91","353,91","353,91","247,91","247,91","186,57","398,50","398,50","399,19",,,,,
20-04-2021,"322,92","191,75","191,75","203,53","470,00","356,60","560,26","540,22","342,51","342,51","342,51","192,31","192,31","187,76","470,00","470,00","470,00",,,,,
21-04-2021,"259,24","188,22","183,22","185,44","371,59","227,74","358,36","410,68","314,75","314,75","314,75","192,95","192,95","192,95","410,45","410,45","410,45",,,,,
22-04-2021,"210,89","144,35","131,26","158,72","216,85","242,74","241,72","241,13","300,46","300,46","300,60","164,79","164,79","164,79","273,95","273,95","273,95",,,,,
23-04-2021,"263,23","143,54","143,54","172,00","281,40","186,90","355,14","314,94","337,34","337,34","337,34","182,59","182,59","171,58","284,94","284,94","284,94",,,,,
24-04-2021,"262,78","133,15","133,15","133,15","271,09","133,15","362,61","362,61","342,59","342,59","342,59","178,62","178,62","174,39","271,09","271,09","271,09",,,,,
25-04-2021,"226,07","121,04","121,04","122,19","191,40","121,04","278,69","280,00","325,80","325,80","326,08","201,36","201,36","176,63","163,91","163,91","191,40",,,,,
26-04-2021,"421,13","368,68","368,68","378,09","408,45","422,02","457,79","457,79","425,53","422,99","425,53","411,22","411,22","368,75","431,47","431,47","431,47",,,,,
27-04-2021,"409,49","402,11","402,11","402,13","436,80","455,80","440,31","440,31","400,51","398,55","400,51","402,11","402,11","402,11","483,47","483,47","486,59",,,,,
28-04-2021,"432,21","431,35","431,35","431,35","438,31","449,78","444,09","444,09","429,18","425,80","429,18","431,35","431,35","431,35","480,50","480,50","482,14",,,,,
29-04-2021,"397,06","392,77","392,77","392,83","394,82","416,77","404,37","394,82","394,60","394,03","394,60","392,77","392,77","380,79","436,63","436,63","436,63",,,,,
30-04-2021,"372,14","315,84","315,84","382,84","449,24","382,84","496,72","465,95","413,10","413,10","413,10","315,84","315,84","315,33","413,22","413,22","449,24",,,,,
01-05-2021,"371,12","345,94","345,94","346,16","387,98","346,16","421,49","419,11","379,49","379,49","379,49","345,94","345,94","345,94","373,93","373,93","387,98",,,,,
02-05-2021,"344,40","339,42","339,42","339,42","349,88","339,42","349,02","360,13","346,62","346,62","346,62","339,42","339,42","339,42","339,50","339,50","349,88",,,,,
03-05-2021,"445,44","447,34","447,34","451,55","451,55","451,55","464,20","455,43","448,85","448,41","448,85","447,34","447,34","447,34","451,55","451,55","451,55",,,,,
04-05-2021,"327,23","298,40","298,40","298,40","298,40","463,32","225,02","298,40","336,92","335,92","336,92","298,40","298,40","298,40","463,32","463,32","463,32",,,,,
05-05-2021,"333,16","310,75","310,75","310,88","310,88","338,45","266,89","310,88","361,59","361,59","362,31","310,75","310,75","310,75","361,29","361,29","361,29",,,,,
06-05-2021,"460,88","442,81","442,81","443,20","443,20","453,88","483,07","446,20","466,81","466,81","466,81","442,81","442,81","442,81","453,88","453,88","453,88",,,,,
07-05-2021,"482,94","481,98","481,98","487,32","493,49","487,32","519,11","503,94","481,67","481,67","481,67","481,98","481,98","481,98","487,32","487,32","493,49",,,,,
08-05-2021,"375,34","352,57","352,57","352,57","352,57","352,57","377,45","358,76","389,21","389,21","389,21","355,92","355,92","352,57","352,57","352,57","352,57",,,,,
09-05-2021,"218,63","192,90","192,90","192,90","192,90","192,90","55,01","158,84","297,11","297,11","337,87","233,85","233,85","206,25","192,90","192,90","192,90",,,,,
10-05-2021,"351,27","320,67","320,67","320,67","320,67","320,67","416,32","407,35","373,55","373,55","374,74","320,67","320,67","320,67","320,67","320,67","320,67",,,,,
11-05-2021,"378,01","297,33","297,33","306,49","310,43","307,58","536,65","536,65","404,40","404,40","404,40","298,04","298,04","298,04","310,43","310,43","310,43",,,,,
12-05-2021,"373,66","293,70","293,70","309,20","361,85","347,05","511,17","511,17","399,54","399,54","399,54","290,21","290,21","290,21","361,85","361,85","361,85",,,,,
13-05-2021,"335,34","230,42","230,42","262,63","286,53","262,63","466,48","450,59","376,24","376,24","376,24","222,15","222,15","193,19","286,53","286,53","286,53",,,,,
14-05-2021,"334,96","212,33","212,33","285,58","401,64","285,58","533,90","533,90","382,32","382,32","382,32","212,33","212,33","207,98","401,64","401,64","401,64",,,,,
15-05-2021,"273,90","160,71","160,71","160,71","167,21","160,71","447,69","388,97","369,00","370,12","369,00","160,71","160,71","158,51","167,21","167,21","167,21",,,,,
16-05-2021,"229,67","190,85","190,85","220,45","227,99","220,45","296,93","308,51","264,08","264,08","264,08","190,85","190,85","169,33","227,99","227,99","227,99",,,,,
17-05-2021,"380,30","280,11","280,11","394,24","439,35","443,79","548,08","548,08","397,38","397,38","397,38","269,77","269,77","197,95","461,78","461,78","461,78",,,,,
18-05-2021,"396,56","278,64","278,64","359,71","446,27","458,08","551,62","551,62","412,44","412,44","412,44","251,50","251,50","219,94","461,52","461,52","461,52",,,,,
19-05-2021,"400,30","415,89","415,89","425,27","471,66","438,69","577,89","577,89","403,80","404,14","403,80","383,92","383,92","204,34","474,06","474,06","474,06",,,,,
20-05-2021,"358,75","313,52","313,52","319,20","330,92","343,29","453,60","453,60","391,50","391,50","391,50","227,58","227,58","222,25","348,07","348,07","348,07",,,,,
21-05-2021,"227,37","178,62","178,62","220,38","224,20","260,63","247,69","255,00","263,03","263,03","263,03","184,66","184,66","179,97","260,63","260,63","260,63",,,,,
22-05-2021,"117,07","95,88","95,88","120,94","120,94","258,67","78,81","120,94","138,65","138,65","140,18","144,02","144,02","141,11","263,97","263,97","263,97",,,,,
23-05-2021,"159,24","139,16","139,16","154,55","165,70","159,69","157,23","188,14","192,39","192,80","192,39","145,96","145,96","134,50","170,83","170,83","170,83",,,,,
24-05-2021,"285,70","286,55","286,55","320,00","322,86","406,20","300,47","330,71","316,54","316,54","316,54","232,48","232,48","166,86","406,28","406,28","406,28",,,,,
25-05-2021,"351,43","393,56","393,56","393,56","442,06","430,38","443,44","443,48","369,28","369,28","369,28","253,54","253,54","180,61","455,57","455,57","455,57",,,,,
26-05-2021,"325,39","261,55","261,55","352,64","472,94","346,78","486,65","474,08","376,74","376,74","376,74","228,84","228,84","170,08","389,07","389,07","485,70",,,,,
27-05-2021,"329,24","268,15","268,15","394,83","526,92","403,30","533,66","534,20","377,83","377,83","377,83","231,10","231,10","173,78","488,29","488,29","519,69",,,,,
28-05-2021,"339,75","241,92","241,92","433,02","535,23","410,25","547,33","547,33","383,01","383,01","383,01","238,96","238,96","173,09","479,82","479,82","535,23",,,,,
29-05-2021,"313,45","269,52","269,52","314,28","400,14","314,28","420,08","426,69","347,38","353,26","347,38","240,71","240,71","167,87","314,28","314,28","400,14",,,,,
30-05-2021,"223,51","199,90","199,90","215,20","314,71","210,49","300,23","323,41","279,15","279,56","279,15","204,54","204,54","162,07","211,65","211,65","325,62",,,,,
31-05-2021,"362,25","307,26","307,26","378,53","443,10","375,84","501,64","502,59","392,70","399,42","392,70","260,91","260,91","168,64","423,91","423,91","455,19",,,,,
01-06-2021,"380,40","331,89","331,89","344,54","507,14","445,55","507,57","507,57","364,15","409,16","364,15","327,56","327,56","174,94","482,15","482,15","563,31",,,,,
02-06-2021,"372,96","338,46","338,46","357,02","470,86","475,56","487,17","487,17","365,57","407,07","365,57","321,97","321,97","174,80","504,56","504,56","539,90",,,,,
03-06-2021,"339,88","300,64","300,64","348,15","412,68","421,57","412,68","412,68","363,59","385,85","363,59","283,90","283,90","169,82","450,82","452,41","475,68",,,,,
04-06-2021,"361,50","298,00","298,00","349,74","517,14","434,71","524,51","517,14","373,78","421,65","373,78","293,55","293,55","169,79","478,37","494,45","536,47",,,,,
05-06-2021,"350,44","309,63","309,63","316,75","462,03","316,75","465,22","462,08","345,10","418,20","345,10","308,48","308,48","166,13","439,64","457,79","466,63",,,,,
06-06-2021,"331,30","305,18","305,18","305,18","438,76","305,18","442,03","439,69","340,06","406,01","340,06","303,73","303,73","164,05","411,04","434,33","439,86",,,,,
07-06-2021,"393,69","414,69","414,69","414,69","575,94","490,55","575,16","578,22","392,52","428,64","392,52","414,33","414,33","153,94","591,39","591,39","591,39",,,,,
08-06-2021,"399,94","403,35","403,35","404,65","572,65","494,30","572,03","572,74","400,64","429,25","400,64","396,62","396,62","145,59","611,50","611,50","611,50",,,,,
09-06-2021,"408,85","403,31","403,31","405,77","568,70","487,47","570,63","570,63","404,34","428,97","404,34","403,31","403,31","154,39","728,97","728,97","728,97",,,,,
10-06-2021,"404,53","385,16","385,16","405,45","581,58","517,58","586,24","586,24","402,80","424,87","399,82","385,16","385,16","139,86","612,90","612,90","612,90",,,,,
11-06-2021,"354,12","255,25","255,25","291,56","575,18","431,18","580,73","580,73","378,15","417,35","375,48","277,38","277,38","156,28","602,89","602,89","602,89",,,,,
12-06-2021,"177,75","123,23","123,23","132,54","246,70","235,25","279,22","270,40","263,46","289,58","263,46","123,23","123,23","112,50","402,55","429,76","429,76",,,,,
13-06-2021,"113,67","94,84","94,84","110,50","162,47","118,92","144,27","171,90","141,45","156,18","141,45","104,06","104,06","71,00","159,11","159,11","170,88",,,,,
14-06-2021,"296,23","214,53","214,53","235,71","538,17","489,31","551,18","551,23","348,47","384,43","348,47","214,53","214,53","157,66","568,18","568,18","568,18",,,,,
15-06-2021,"269,81","145,48","145,48","276,80","579,39","471,66","614,26","614,26","348,83","387,15","348,83","156,28","156,28","141,54","498,30","505,63","591,57",,,,,
16-06-2021,"330,55","229,11","229,11","357,19","634,95","632,52","632,09","635,98","340,04","378,13","340,04","240,35","240,35","165,61","656,68","656,68","681,76",,,,,
17-06-2021,"300,85","214,23","214,23","295,88","545,86","521,20","575,63","545,86","320,44","372,88","320,44","216,86","216,86","161,36","588,27","603,72","617,57",,,,,
18-06-2021,"276,27","183,03","183,03","261,54","565,52","423,95","595,80","565,52","306,65","381,23","306,65","194,92","194,92","161,33","488,71","574,84","579,63",,,,,
19-06-2021,"271,30","177,91","177,91","190,72","517,64","309,43","520,82","517,64","295,22","394,33","295,22","199,47","199,47","153,56","419,84","561,50","561,50",,,,,
20-06-2021,"250,19","187,65","187,65","203,20","434,54","249,97","434,53","434,71","287,89","364,08","287,89","199,84","199,84","156,60","352,66","478,01","478,01",,,,,
21-06-2021,"270,18","161,41","161,41","244,08","577,31","353,16","577,31","577,31","313,17","394,84","313,17","198,63","198,63","140,40","505,00","581,59","581,59",,,,,
22-06-2021,"310,54","193,35","193,35","285,84","629,07","531,60","629,07","629,07","327,42","407,33","327,42","221,69","221,69","162,51","600,86","647,53","647,53",,,,,
23-06-2021,"321,06","233,79","233,79","302,11","694,52","562,82","690,39","694,52","342,42","414,73","342,42","234,54","234,54","162,91","625,99","698,75","698,75",,,,,
24-06-2021,"367,29","251,47","251,47","308,02","707,20","467,31","705,11","707,20","348,61","451,42","348,61","265,04","265,04","159,99","582,36","714,52","714,52",,,,,
25-06-2021,"337,73","242,82","242,82","242,82","667,00","249,90","667,20","668,30","348,19","450,53","348,19","246,55","246,55","158,37","524,78","685,98","685,98",,,,,
26-06-2021,"318,44","230,64","230,64","230,64","593,31","230,64","593,97","593,97","353,33","464,42","353,33","248,69","248,69","168,22","597,66","597,66","597,66",,,,,
27-06-2021,"281,96","233,55","233,55","233,55","484,58","233,55","483,01","487,44","355,06","416,17","355,06","240,01","240,01","165,25","527,06","527,06","527,06",,,,,
28-06-2021,"368,25","257,42","257,42","337,84","661,02","522,63","659,84","661,02","385,12","460,03","385,12","264,67","264,67","167,05","664,66","664,66","664,66",,,,,
29-06-2021,"377,74","276,83","276,83","352,74","688,42","595,02","681,58","688,42","381,68","454,99","381,68","277,05","277,05","166,46","690,79","690,79","690,79",,,,,
30-06-2021,"376,93","282,27","282,27","342,95","686,32","508,69","686,95","686,95","372,34","458,48","372,34","282,77","282,77","165,72","623,86","686,32","686,32",,,,,
01-07-2021,"370,90","292,06","292,06","335,60","660,03","615,14","661,30","664,73","361,02","441,15","361,02","292,06","292,06","150,86","668,64","679,02","679,02",,,,,
02-07-2021,"402,84","344,88","344,88","359,70","708,61","676,85","718,20","718,43","377,29","434,85","377,29","344,88","344,88","153,48","729,09","745,66","745,66",,,,,
03-07-2021,"401,98","321,39","321,39","351,92","614,52","508,94","621,68","621,68","380,31","436,99","380,31","345,03","345,03","162,57","622,25","641,70","641,70",,,,,
04-07-2021,"407,64","313,14","313,14","376,69","605,79","473,41","616,94","616,94","401,20","440,83","401,20","331,61","331,61","160,41","582,94","605,79","605,79",,,,,
05-07-2021,"424,96","343,51","353,88","445,88","678,84","609,84","697,86","697,86","424,27","440,87","424,27","359,92","359,92","162,40","652,21","681,41","681,41",,,,,
06-07-2021,"415,15","344,30","349,33","466,60","502,73","603,41","591,39","599,92","419,05","433,46","419,05","347,13","347,13","159,03","658,23","662,88","662,88",,,,,
07-07-2021,"402,18","347,58","352,53","559,03","602,97","676,53","712,75","736,94","417,04","428,20","417,04","353,11","353,11","152,43","691,64","722,58","722,58",,,,,
08-07-2021,"421,34","364,47","529,51","572,69","683,31","577,79","810,85","810,85","424,57","437,49","424,57","532,77","532,77","152,69","605,77","770,88","770,88",,,,,
09-07-2021,"437,95","565,50","565,50","565,50","572,95","650,01","679,88","679,88","429,01","431,45","429,01","404,43","404,43","183,09","652,11","674,61","674,61",,,,,
10-07-2021,"418,90","413,83","413,83","413,83","413,83","570,86","598,28","598,28","413,83","425,40","413,83","403,01","403,01","162,02","579,45","609,07","609,07",,,,,
11-07-2021,"424,67","418,10","418,10","418,10","418,10","505,10","578,15","578,15","416,02","435,26","416,02","304,10","304,10","161,44","527,17","576,42","576,42",,,,,
12-07-2021,"437,28","601,00","601,00","601,00","601,00","686,48","695,00","695,00","431,31","437,05","431,31","366,01","366,01","152,08","723,41","723,41","723,41",,,,,
13-07-2021,"444,40","576,22","576,22","576,22","576,22","731,02","706,68","706,68","440,11","440,11","440,11","351,34","351,34","146,30","731,02","731,02","731,02",,,,,
14-07-2021,"451,64","477,96","477,96","570,25","570,25","806,81","650,01","650,01","449,96","449,96","449,96","424,93","424,93","153,66","806,81","806,81","806,81",,,,,
15-07-2021,"437,51","425,16","425,16","563,60","600,97","764,46","667,43","687,77","453,67","455,32","453,67","282,14","282,14","151,62","764,46","764,46","764,46",,,,,
16-07-2021,"434,70","419,35","419,35","441,96","500,51","665,72","631,93","631,93","441,96","456,89","441,96","324,89","324,89","151,71","679,30","685,35","685,35",,,,,
17-07-2021,"362,30","379,86","379,86","386,72","386,72","500,70","408,98","455,47","413,00","413,00","413,00","257,81","257,81","147,93","522,04","647,80","647,80",,,,,
18-07-2021,"225,06","241,00","241,00","244,73","244,73","274,91","288,31","327,76","296,74","297,98","296,74","210,86","210,86","141,54","331,78","650,82","650,82",,,,,
19-07-2021,"398,89","350,15","350,15","445,39","542,24","608,48","656,50","656,74","436,49","455,51","436,49","245,45","245,45","143,68","677,27","677,27","677,27",,,,,
20-07-2021,"395,89","350,08","350,08","417,07","417,07","546,05","547,89","682,00","439,66","450,28","439,66","331,72","331,72","141,06","646,10","648,19","648,19",,,,,
21-07-2021,"407,08","350,62","350,62","414,45","416,66","514,12","662,81","669,34","439,04","449,11","439,04","339,33","339,33","145,79","602,29","630,57","630,57",,,,,
22-07-2021,"384,26","323,85","323,85","395,25","395,25","435,33","650,10","651,35","433,83","442,36","433,83","295,84","295,84","139,97","592,39","681,97","681,97",,,,,
23-07-2021,"426,42","361,00","361,00","418,43","418,43","577,82","660,54","660,54","437,95","447,15","437,95","361,00","361,00","140,78","640,79","642,39","642,39",,,,,
24-07-2021,"432,17","382,71","382,71","415,17","415,17","518,24","560,05","560,05","430,76","443,69","430,76","382,71","382,71","138,04","535,48","535,48","535,48",,,,,
25-07-2021,"382,92","364,43","364,43","364,43","364,43","492,12","451,49","451,49","403,38","406,39","403,38","364,43","364,43","154,51","498,15","572,70","572,70",,,,,
26-07-2021,"429,98","365,03","365,03","407,49","573,56","621,71","658,22","658,22","439,53","442,22","439,53","357,60","357,60","168,89","621,71","621,71","621,71",,,,,
27-07-2021,"423,42","361,37","361,37","417,28","586,96","649,27","648,69","648,69","435,14","443,68","435,14","324,94","324,94","197,28","650,62","650,71","650,71",,,,,
28-07-2021,"412,29","355,66","355,66","405,31","524,27","625,05","590,68","590,68","426,47","435,80","426,47","313,91","313,91","215,96","625,05","625,05","625,05",,,,,
29-07-2021,"343,86","332,45","332,45","336,03","336,03","630,38","290,20","290,20","372,32","372,32","372,32","332,38","332,38","216,51","640,71","640,96","640,96",,,,,
30-07-2021,"363,81","341,85","341,85","343,95","411,38","569,01","433,86","433,86","396,46","397,32","396,46","341,85","341,85","171,31","581,35","581,35","581,35",,,,,
31-07-2021,"326,01","314,03","314,03","318,66","343,27","472,17","297,31","344,91","330,38","332,01","330,38","314,03","314,03","298,71","475,27","475,27","475,27",,,,,
01-08-2021,"389,83","362,09","362,09","374,75","416,93","401,38","419,74","432,45","412,19","412,40","412,19","362,09","362,09","229,36","423,64","435,44","435,44",,,,,
02-08-2021,"417,84","398,90","398,90","402,48","588,44","562,49","595,65","595,65","427,68","428,63","427,68","398,90","398,90","359,83","643,31","643,31","643,31",,,,,
03-08-2021,"437,83","409,71","409,71","416,69","717,33","422,36","717,91","717,91","438,52","441,39","438,52","409,71","409,71","408,43","717,33","717,33","717,33",,,,,
04-08-2021,"457,38","441,52","441,52","441,52","727,29","508,00","730,27","730,27","453,99","454,77","453,99","441,52","441,52","357,69","780,93","780,93","780,93",,,,,
05-08-2021,"461,50","446,45","446,45","448,03","701,45","559,40","702,89","702,89","459,71","459,71","459,71","446,45","446,45","362,46","717,09","717,09","731,52",,,,,
06-08-2021,"448,84","432,25","432,25","432,25","528,22","528,46","519,86","530,12","452,22","452,22","452,22","432,25","432,25","412,60","573,20","573,20","575,17",,,,,
07-08-2021,"418,70","391,11","391,11","391,11","457,43","391,11","457,43","457,43","442,66","442,66","442,66","381,96","381,96","262,36","474,02","474,02","474,02",,,,,
08-08-2021,"209,45","193,92","193,92","193,92","197,48","193,92","114,65","197,48","302,97","302,97","317,31","294,00","294,00","177,61","197,95","197,95","197,95",,,,,
09-08-2021,"441,41","465,96","465,96","465,96","516,36","586,65","510,95","516,36","457,25","457,25","457,25","481,37","481,37","192,24","626,14","644,60","644,60",,,,,
10-08-2021,"521,64","606,54","606,54","606,54","675,24","612,29","675,05","675,61","515,13","515,13","515,13","606,54","606,54","203,71","677,72","677,72","677,72",,,,,
11-08-2021,"543,69","624,46","624,46","624,46","743,74","624,46","749,42","749,63","535,59","535,59","535,59","624,46","624,46","207,62","730,69","730,69","743,74",,,,,
12-08-2021,"551,05","664,47","664,47","664,47","790,35","664,47","792,42","792,42","540,90","540,90","540,90","647,86","647,86","248,01","788,08","790,35","790,35",,,,,
13-08-2021,"533,11","534,43","534,43","571,30","709,04","572,83","705,80","711,68","531,67","531,67","531,67","534,16","534,16","254,77","710,90","744,58","744,58",,,,,
14-08-2021,"458,35","430,09","430,09","430,09","497,10","435,30","460,01","500,64","501,55","501,55","501,55","430,09","430,09","245,60","493,42","493,42","513,93",,,,,
15-08-2021,"437,42","420,36","420,36","420,91","465,54","420,91","460,65","465,97","482,59","482,59","482,59","420,36","420,36","233,64","454,92","454,92","465,54",,,,,
16-08-2021,"522,45","564,23","564,23","591,74","596,73","594,58","542,44","596,73","519,82","519,82","519,82","506,03","506,03","318,08","618,46","619,12","620,15",,,,,
17-08-2021,"468,21","449,87","449,87","461,57","494,80","507,59","485,35","494,80","475,23","475,23","475,23","450,97","450,97","429,54","547,78","547,78","547,78",,,,,
18-08-2021,"456,59","353,93","353,93","396,48","561,88","396,48","545,65","564,51","530,62","530,62","530,62","365,81","365,81","344,01","563,89","563,89","563,89",,,,,
19-08-2021,"492,82","415,18","415,18","559,38","673,73","559,38","679,35","677,00","550,85","550,85","550,85","312,63","312,63","310,16","639,71","639,71","673,73",,,,,
20-08-2021,"518,54","414,28","414,28","519,89","748,98","519,89","759,89","759,89","587,53","587,53","587,53","370,40","370,40","266,13","748,98","748,98","748,98",,,,,
21-08-2021,"483,90","383,89","383,89","383,89","673,30","383,89","680,20","680,20","581,47","581,47","581,47","383,89","383,89","270,70","772,89","772,89","772,89",,,,,
22-08-2021,"473,37","392,81","392,81","392,81","580,48","392,81","580,48","580,48","559,64","559,64","559,64","392,81","392,81","306,80","581,52","581,52","581,52",,,,,
23-08-2021,"548,05","487,49","487,49","515,94","696,36","492,59","698,17","698,17","580,88","580,88","580,88","487,49","487,49","487,49","764,42","764,42","764,42",,,,,
24-08-2021,"574,11","467,59","467,59","689,89","761,25","689,89","713,98","769,49","597,97","597,97","597,97","467,59","467,59","467,59","761,25","761,25","761,25",,,,,
25-08-2021,"447,31","265,65","265,65","438,03","579,30","438,03","604,21","619,07","576,25","576,25","576,25","265,65","265,65","265,65","728,05","728,05","728,05",,,,,
26-08-2021,"507,59","342,25","342,25","477,44","685,28","477,44","663,19","685,28","615,73","615,73","616,77","343,11","343,11","343,11","769,06","769,06","769,06",,,,,
27-08-2021,"558,18","364,85","364,85","530,95","675,20","530,95","681,87","708,49","639,66","639,66","639,66","364,85","364,85","364,85","698,98","698,98","698,98",,,,,
28-08-2021,"534,74","388,65","388,65","427,87","630,02","427,87","627,72","630,02","618,53","618,53","618,53","388,65","388,65","388,65","658,20","658,20","658,20",,,,,
29-08-2021,"533,13","396,69","396,69","474,52","600,42","474,52","600,42","600,42","614,06","614,06","614,06","396,69","396,69","396,69","600,42","600,42","600,42",,,,,
30-08-2021,"650,95","427,33","427,33","711,83","792,51","711,83","792,51","792,51","750,50","750,50","750,50","427,33","427,33","427,33","792,51","792,51","792,51",,,,,
31-08-2021,"577,16","330,27","330,27","682,93","809,73","640,75","818,38","815,99","794,94","794,94","794,94","330,27","330,27","330,27","809,73","809,73","809,73",,,,,
01-09-2021,"541,50","295,37","295,37","617,76","821,46","552,97","831,81","831,81","782,91","782,91","782,91","295,37","295,37","295,37","821,46","821,46","821,46",,,,,
02-09-2021,"564,80","343,36","343,36","620,30","866,21","609,48","872,26","872,26","747,11","747,11","747,11","343,36","343,36","343,36","837,57","837,57","866,21",,,,,
03-09-2021,"522,08","325,49","325,49","537,92","804,56","503,18","821,39","810,57","702,64","702,64","702,64","325,49","325,49","325,49","798,81","798,81","804,56",,,,,
04-09-2021,"599,73","366,53","366,53","559,07","789,06","491,40","794,73","794,73","724,44","724,44","724,44","366,53","366,53","366,53","789,06","789,06","789,06",,,,,
05-09-2021,"597,75","377,73","377,73","526,92","714,91","524,35","725,99","727,03","711,32","711,32","711,32","377,73","377,73","377,73","736,52","736,52","736,52",,,,,
06-09-2021,"676,05","372,78","372,78","731,51","940,31","731,51","950,52","947,07","856,90","856,90","856,90","370,29","370,29","370,29","896,91","896,91","896,91",,,,,
07-09-2021,"596,53","344,29","344,29","579,01","923,94","544,49","951,70","951,70","807,76","807,76","807,76","325,11","325,11","325,11","920,70","920,70","920,70",,,,,
08-09-2021,"548,34","330,06","330,06","503,53","888,67","462,54","927,91","927,91","784,19","784,19","784,19","319,76","319,76","312,78","945,67","945,67","945,67",,,,,
09-09-2021,"673,26","399,52","399,52","659,93","940,32","659,93","968,47","968,47","788,40","788,40","788,40","392,69","392,69","392,69","879,20","975,84","975,84",,,,,
10-09-2021,"729,73","419,23","419,23","744,20","983,68","744,20","1028,37","1028,37","802,46","802,46","802,46","415,40","415,40","415,40","943,13","1008,31","1008,31",,,,,
11-09-2021,"702,97","416,99","416,99","690,81","959,38","690,81","959,38","959,38","792,31","792,31","792,31","355,09","355,09","355,09","837,05","903,74","903,74",,,,,
12-09-2021,"543,24","416,51","416,51","703,14","773,77","705,68","780,67","780,67","722,15","722,15","722,15","343,40","343,40","343,04","792,12","809,56","809,56",,,,,
13-09-2021,"565,39","370,40","370,40","631,59","1028,18","523,79","1047,26","1035,06","771,20","771,20","771,20","366,45","366,45","366,45","1003,79","1003,79","1028,18",,,,,
14-09-2021,"710,94","422,05","422,05","893,58","1060,09","669,45","1065,18","1065,18","858,02","858,02","858,02","421,67","421,67","421,67","1053,00","1053,00","1060,09",,,,,
15-09-2021,"809,21","473,53","473,53","1023,13","1192,40","1030,77","1250,79","1250,79","846,47","846,47","846,47","471,98","471,98","471,98","1192,40","1192,40","1192,40",,,,,
16-09-2021,"840,57","468,20","468,20","869,10","1087,84","921,45","1181,90","1181,90","904,28","904,28","904,28","468,20","468,20","438,34","1079,66","1079,66","1087,84",,,,,
17-09-2021,"793,22","462,60","462,60","734,93","1049,10","767,62","1090,54","1055,13","900,57","900,57","900,57","450,76","450,76","416,78","1049,10","1049,10","1049,10",,,,,
18-09-2021,"701,42","478,20","478,20","617,14","901,16","633,99","974,12","902,09","831,76","831,76","831,76","441,68","441,68","373,81","901,16","901,16","901,16",,,,,
19-09-2021,"579,03","487,01","487,01","587,05","694,99","587,05","699,72","699,72","681,44","681,44","681,44","471,01","471,01","360,18","694,99","694,99","694,99",,,,,
20-09-2021,"761,53","501,78","501,78","907,96","1076,72","907,96","1120,55","1120,55","846,05","846,05","846,05","476,76","476,76","365,07","1076,72","1076,72","1076,72",,,,,
21-09-2021,"750,96","477,41","477,41","847,80","1028,04","847,80","1114,55","1114,55","874,11","874,11","874,11","446,35","446,35","336,56","1012,02","1012,02","1028,04",,,,,
22-09-2021,"630,54","437,29","437,29","705,21","1056,18","705,21","1009,72","1065,03","842,92","842,92","842,92","410,28","410,28","326,79","1056,18","1056,18","1056,18",,,,,
23-09-2021,"489,10","417,52","417,52","456,18","488,21","456,18","514,56","488,21","729,02","729,02","729,02","414,73","414,73","390,60","767,92","767,92","767,92",,,,,
24-09-2021,"566,40","423,42","423,42","572,77","582,66","581,46","693,61","582,66","734,45","734,45","734,45","378,76","378,76","376,59","681,62","681,62","681,62",,,,,
25-09-2021,"578,52","421,88","421,88","566,15","775,15","579,30","931,14","811,24","797,52","797,52","797,52","394,95","394,95","394,95","837,97","837,97","837,97",,,,,
26-09-2021,"633,03","442,42","442,42","594,95","822,94","597,91","891,58","891,58","796,03","796,03","796,03","422,34","422,34","422,34","822,94","822,94","822,94",,,,,
27-09-2021,"610,01","417,87","417,87","654,73","979,22","654,73","960,23","1020,94","800,71","800,71","800,71","388,55","388,55","388,55","999,68","999,68","1002,04",,,,,
28-09-2021,"669,79","418,35","418,35","722,23","1117,48","726,32","1151,95","1149,12","814,25","814,25","814,25","386,72","386,72","386,72","1112,19","1112,19","1117,48",,,,,
29-09-2021,"651,82","434,46","434,46","680,58","886,90","802,20","953,95","939,32","772,53","772,53","772,53","391,39","391,39","391,39","944,38","944,38","949,74",,,,,
30-09-2021,"549,69","419,74","419,74","596,49","667,07","701,25","701,61","667,07","696,24","696,24","696,24","371,07","371,07","371,07","820,29","820,29","820,29",,,,,
01-10-2021,"392,98","328,64","328,64","418,02","418,02","460,21","547,55","418,02","596,55","596,55","596,55","318,32","318,32","318,32","772,48","772,48","772,48",,,,,
02-10-2021,"414,53","299,40","299,40","455,78","471,80","332,97","767,73","653,33","655,10","664,41","655,10","294,50","294,50","184,95","617,43","617,43","617,43",,,,,
03-10-2021,"153,78","68,11","68,11","68,11","68,11","93,39","263,70","86,73","360,11","360,11","409,29","70,44","70,44","70,44","142,01","142,01","142,01",,,,,
04-10-2021,"413,66","197,71","197,71","422,67","1034,11","423,38","1001,11","1115,32","664,76","740,01","664,76","198,30","198,30","198,30","972,22","972,22","1034,11",,,,,
05-10-2021,"580,88","325,67","325,67","506,06","925,27","481,50","1176,79","1174,30","723,17","774,72","723,17","325,67","325,67","215,04","827,97","915,76","948,56",,,,,
06-10-2021,"639,15","381,83","381,83","618,93","789,16","514,94","1369,33","1369,44","773,25","773,69","773,25","381,83","381,83","381,83","793,11","793,11","847,26",,,,,
07-10-2021,"746,38","375,81","375,81","717,21","1640,07","705,94","2250,70","2250,70","895,91","912,61","895,91","361,34","361,34","296,26","1327,26","1395,50","1640,07",,,,,
08-10-2021,"734,80","385,76","385,76","744,56","1318,27","744,56","1516,96","1516,96","899,70","902,71","899,70","352,93","352,93","227,64","1242,59","1242,59","1318,27",,,,,
09-10-2021,"646,96","369,91","369,91","588,92","760,13","588,92","1038,00","1038,00","846,28","895,37","846,28","366,39","366,39","197,15","875,48","875,48","875,48",,,,,
10-10-2021,"466,47","256,49","256,49","256,49","300,68","256,49","1053,46","973,58","818,46","887,91","818,46","256,44","256,44","185,17","664,77","664,77","664,77",,,,,
11-10-2021,"572,83","292,77","292,77","621,24","685,28","605,18","841,03","796,16","810,68","810,68","810,68","277,59","277,59","275,66","860,39","860,39","860,39",,,,,
12-10-2021,"651,92","291,36","291,36","876,85","939,27","876,85","1142,69","1043,31","865,16","865,16","865,16","290,28","290,28","283,08","1018,19","1018,19","1018,19",,,,,
13-10-2021,"834,15","311,33","311,33","1172,43","1197,93","1172,43","1400,64","1389,50","969,88","969,88","969,88","296,41","296,41","286,01","1262,40","1262,40","1262,40",,,,,
14-10-2021,"376,86","129,61","129,61","583,02","776,47","543,48","891,16","812,41","747,47","747,47","747,47","129,61","129,61","129,61","1180,26","1180,26","1180,26",,,,,
15-10-2021,"187,17","69,09","69,09","303,15","303,15","303,15","541,70","315,63","641,94","641,94","641,94","81,23","81,23","81,23","712,95","712,95","712,95",,,,,
16-10-2021,"193,96","56,01","56,01","67,69","67,69","67,69","743,91","184,23","735,01","735,76","735,01","56,65","56,65","56,65","344,22","344,22","344,22",,,,,
17-10-2021,"415,41","79,64","79,64","495,41","515,70","351,83","1056,61","837,53","818,58","825,48","818,58","103,69","103,69","119,82","515,70","515,70","515,70",,,,,
18-10-2021,"699,28","148,34","148,34","921,91","1125,65","700,32","1349,38","1349,38","1002,43","1003,55","928,79","148,34","148,34","148,34","1052,36","1052,36","1125,65",,,,,
19-10-2021,"675,41","160,36","160,36","1069,54","1070,94","1036,05","1108,05","1096,97","1088,22","1088,22","1088,22","145,20","145,20","145,20","1046,68","1046,68","1083,48",,,,,
20-10-2021,"215,78","103,41","103,41","290,32","290,32","290,33","428,70","290,32","612,04","612,04","612,04","103,62","103,62","103,62","511,62","511,62","511,62",,,,,
21-10-2021,"209,59","123,07","123,07","342,96","342,96","452,14","404,31","360,74","620,08","620,08","620,08","108,05","108,05","108,05","499,42","499,42","499,42",,,,,
22-10-2021,"173,53","88,80","88,80","292,84","292,84","310,72","410,96","292,84","652,54","652,54","652,54","88,80","88,80","88,80","492,65","492,65","492,65",,,,,
23-10-2021,"517,04","130,89","130,89","565,39","572,03","565,39","884,65","735,82","794,38","794,38","778,65","127,73","127,73","127,73","706,89","706,89","706,89",,,,,
24-10-2021,"268,63","127,51","127,51","202,78","469,82","231,25","638,11","583,31","651,34","651,34","651,34","112,85","112,85","114,27","593,55","593,55","593,55",,,,,
25-10-2021,"473,23","120,25","120,25","563,75","712,70","585,42","803,36","791,46","753,85","753,85","753,85","120,25","120,25","120,25","792,03","792,03","792,03",,,,,
26-10-2021,"489,92","128,74","128,74","522,48","1020,82","529,81","1032,44","1030,43","745,47","745,47","745,47","127,60","127,60","127,60","1142,94","1142,94","1142,94",,,,,
27-10-2021,"205,33","109,28","109,28","213,21","213,21","673,07","253,32","213,21","602,05","602,05","602,05","101,55","101,55","109,28","815,16","827,16","827,16",,,,,
28-10-2021,"221,02","107,41","107,41","193,71","400,14","211,83","450,73","447,01","579,21","579,21","579,21","107,41","107,41","107,41","751,14","751,14","751,14",,,,,
29-10-2021,"294,40","113,72","113,72","302,16","459,12","302,16","598,52","555,35","591,91","591,91","591,91","113,61","113,61","113,61","813,58","827,86","827,86",,,,,
30-10-2021,"162,03","102,96","102,96","151,91","430,76","149,62","588,13","588,13","552,80","552,80","552,80","96,35","96,35","101,29","540,63","540,63","540,63",,,,,
31-10-2021,"153,12","120,21","120,21","282,77","282,77","396,58","426,05","313,30","470,04","470,04","470,04","103,06","103,06","103,80","480,89","480,89","480,89",,,,,
01-11-2021,"253,84","109,07","109,07","380,27","451,12","400,32","513,29","479,37","518,49","518,49","518,49","97,17","97,17","101,52","528,34","528,34","528,34",,,,,
02-11-2021,"469,21","109,05","109,05","485,71","646,01","414,02","1446,39","1446,39","666,53","668,74","666,53","90,41","90,41","90,58","646,01","646,01","646,01",,,,,
03-11-2021,"596,50","149,21","149,21","537,47","767,24","537,47","1347,07","1347,07","722,15","722,15","722,15","147,08","147,08","123,19","767,24","767,24","767,24",,,,,
04-11-2021,"717,41","185,78","185,78","605,87","720,37","605,87","1245,02","1244,60","788,24","788,24","788,24","185,62","185,62","185,62","681,96","720,37","720,37",,,,,
05-11-2021,"482,16","123,79","123,79","422,42","435,20","422,42","661,93","438,85","661,28","661,28","661,28","121,72","121,72","121,72","422,42","446,68","446,68",,,,,
06-11-2021,"160,55","65,36","65,36","106,54","106,54","103,01","525,42","106,54","582,40","582,40","582,40","67,98","67,98","67,98","146,03","146,03","146,03",,,,,
07-11-2021,"260,46","87,85","87,85","158,39","199,41","158,39","263,34","233,64","518,37","518,37","548,30","87,85","87,85","87,85","230,83","232,83","232,83",,,,,
08-11-2021,"699,56","158,38","158,38","800,87","1058,72","800,87","1303,23","1303,23","916,37","916,37","916,37","158,38","158,38","158,38","800,87","924,25","1058,72",,,,,
09-11-2021,"390,23","97,73","97,73","385,46","601,74","415,80","620,25","601,74","623,36","623,36","623,36","97,73","97,73","97,73","666,62","869,67","869,67",,,,,
10-11-2021,"368,79","70,27","70,27","222,35","791,40","222,35","1134,89","1033,69","662,14","662,14","662,14","70,27","70,27","70,27","377,49","921,69","921,69",,,,,
11-11-2021,"390,86","77,28","77,28","181,01","904,91","182,20","1324,45","1324,45","670,57","670,57","670,57","77,28","77,28","77,28","693,50","904,91","904,91",,,,,
12-11-2021,"541,77","106,21","106,21","514,39","1028,88","514,39","1089,82","1151,19","687,19","687,19","687,19","106,21","106,21","106,21","735,69","1015,71","1035,13",,,,,
13-11-2021,"589,50","121,29","121,29","356,54","998,92","356,54","1063,94","1061,08","682,71","682,71","682,71","121,28","121,28","121,28","1016,16","1028,17","1045,06",,,,,
14-11-2021,"637,57","127,30","127,30","407,81","856,07","403,59","1065,84","1062,89","725,78","725,78","725,78","125,94","125,94","125,94","758,58","859,23","859,23",,,,,
15-11-2021,"585,92","104,09","104,09","524,30","1240,01","501,82","1621,81","1621,81","724,29","724,29","724,29","104,09","104,09","104,09","1212,85","1350,34","1350,34",,,,,
16-11-2021,"589,06","107,12","107,12","475,72","1628,47","475,72","1748,86","1748,86","719,51","719,51","719,51","107,12","107,12","107,12","1146,10","1257,78","1628,47",,,,,
17-11-2021,"455,99","106,86","106,86","355,06","794,84","355,06","693,67","794,84","671,50","671,50","671,50","106,86","106,86","106,86","871,07","972,62","972,62",,,,,
18-11-2021,"377,45","100,32","100,32","417,90","424,29","439,08","621,29","424,29","669,57","669,57","669,57","100,32","100,32","100,32","711,39","711,39","711,39",,,,,
19-11-2021,"197,33","91,68","91,68","111,22","111,22","538,86","426,02","111,22","621,83","621,83","621,83","91,68","91,68","91,68","633,04","633,04","633,04",,,,,
20-11-2021,"202,91","88,02","88,02","111,05","260,10","111,84","641,53","260,10","660,20","660,20","660,20","88,02","88,02","88,02","658,70","658,70","658,70",,,,,
21-11-2021,"479,21","113,85","113,85","457,73","479,07","460,98","690,04","486,76","691,08","691,08","691,08","113,85","113,85","113,85","837,33","837,33","837,33",,,,,
22-11-2021,"744,85","144,21","144,21","980,32","980,32","1036,91","1263,28","1554,33","916,93","916,93","916,93","114,16","114,16","128,55","1208,68","1208,68","1208,68",,,,,
23-11-2021,"673,74","114,11","114,11","908,05","908,05","960,21","1024,55","1159,44","819,29","819,29","819,29","109,62","109,62","110,22","1156,67","1156,67","1156,67",,,,,
24-11-2021,"668,27","215,63","215,63","629,80","629,80","777,66","1476,57","1421,76","806,98","806,98","806,98","172,78","172,78","172,78","979,74","1009,59","1009,59",,,,,
25-11-2021,"776,24","317,41","317,41","771,36","771,36","808,00","929,16","771,36","833,59","833,59","833,59","306,08","306,08","306,08","878,76","878,76","878,76",,,,,
26-11-2021,"958,40","877,06","877,06","1206,72","1206,72","1231,35","1222,83","1277,66","864,95","864,95","864,95","854,64","854,64","854,64","1231,35","1231,35","1231,35",,,,,
27-11-2021,"1193,36","1301,99","1301,99","1301,99","1301,99","1301,99","1303,61","1305,98","1080,84","1080,84","1080,84","1245,39","1245,39","1245,39","1301,99","1301,99","1301,99",,,,,
28-11-2021,"1384,38","1398,78","1398,78","1398,78","1398,78","1398,78","1475,94","1475,94","1363,29","1363,29","1363,29","1398,78","1398,78","1398,78","1398,78","1398,78","1398,78",,,,,
29-11-2021,"1835,77","1737,88","1737,88","1962,93","1962,93","1962,93","1973,75","1973,75","1857,81","1857,81","1857,81","1636,80","1636,80","1636,80","1962,93","1962,93","1962,93",,,,,
30-11-2021,"1071,27","1194,68","1194,68","1235,53","1235,53","1265,70","919,28","1205,50","1000,63","999,46","1000,63","1097,14","1097,14","1097,14","1394,49","1394,49","1394,49",,,,,
01-12-2021,"882,37","837,60","837,60","923,25","923,25","1248,69","676,77","923,25","876,88","866,31","876,88","837,60","837,60","837,60","1248,83","1248,83","1248,83",,,,,
02-12-2021,"1348,90","1096,36","1096,36","1307,46","1307,46","1460,64","1306,50","1306,50","1373,48","1373,48","1373,48","1096,36","1096,36","1096,36","1460,64","1460,64","1460,64",,,,,
03-12-2021,"1103,33","947,64","947,64","1259,59","1259,59","1327,13","1111,26","1259,59","1095,01","1095,01","1095,01","861,42","861,42","861,42","1398,25","1398,25","1398,25",,,,,
04-12-2021,"961,23","769,68","769,68","1201,72","1204,10","1216,46","1386,09","1292,63","988,05","988,05","978,49","522,54","522,54","522,54","1230,65","1230,65","1230,65",,,,,
05-12-2021,"963,81","860,47","860,47","991,25","991,25","1102,57","898,55","991,25","949,69","949,69","949,69","860,47","860,47","860,47","1102,57","1102,57","1102,57",,,,,
06-12-2021,"1684,55","982,39","982,39","2156,87","2156,87","2156,87","1729,90","2156,87","1234,25","1234,25","1234,25","883,63","883,63","883,63","2156,87","2156,87","2156,87",,,,,
07-12-2021,"1600,48","1096,08","1096,08","1794,22","1794,22","3487,70","1306,84","1794,22","1270,23","1270,23","1270,23","845,93","845,93","845,93","3487,70","3487,70","3487,70",,,,,
08-12-2021,"1011,68","574,49","574,49","1278,67","1278,67","3269,47","971,56","1278,67","970,33","970,33","970,33","539,27","539,27","539,27","3269,47","3269,47","3269,47",,,,,
09-12-2021,"927,44","308,02","308,02","1883,65","1898,79","1988,74","1892,99","1903,90","976,11","976,11","976,11","308,02","308,02","308,02","2007,97","2013,64","2013,64",,,,,
10-12-2021,"1016,20","334,46","334,46","1579,80","1726,20","1579,80","1752,52","1762,04","1107,63","1107,63","1019,92","334,46","334,46","334,46","1610,12","1687,90","1726,20",,,,,
11-12-2021,"1158,54","368,14","368,14","1325,40","1653,63","1325,40","1716,77","1738,21","1191,00","1191,00","1191,00","368,14","368,14","368,14","1478,68","1551,51","1653,63",,,,,
12-12-2021,"930,44","324,75","324,75","1248,52","1342,80","1248,52","1327,42","1345,92","987,16","987,16","987,16","323,93","323,93","323,93","1322,45","1343,83","1359,59",,,,,
13-12-2021,"1030,16","331,26","331,26","1526,29","1683,72","1526,29","1671,57","1704,81","1007,80","1007,80","1007,80","329,70","329,70","329,70","1597,09","1597,09","1722,81",,,,,
14-12-2021,"991,67","277,67","277,67","1447,59","1583,76","1435,68","1738,91","1584,18","1526,31","1526,31","1526,31","264,52","264,52","264,52","1529,67","1658,13","1793,49",,,,,
15-12-2021,"583,21","167,73","167,73","588,04","588,04","588,04","874,33","605,90","948,83","948,83","948,83","167,62","167,62","167,62","1138,27","1138,27","1310,29",,,,,
16-12-2021,"737,78","152,26","152,26","680,22","847,38","906,23","1262,13","998,61","1130,30","1130,30","1130,30","152,26","152,26","152,26","1006,79","1013,55","1037,59",,,,,
17-12-2021,"932,65","175,96","175,96","1134,45","1380,32","1134,45","1590,32","1390,67","1335,54","1335,54","1335,54","175,96","175,96","175,96","1159,74","1207,75","1380,32",,,,,
18-12-2021,"614,44","158,07","158,07","737,76","747,51","617,58","1016,40","1005,01","1158,87","1158,87","1158,87","158,07","158,07","158,07","935,18","935,18","935,18",,,,,
19-12-2021,"479,37","159,32","159,32","500,39","500,39","491,20","705,77","511,05","1091,69","1091,69","1091,69","159,32","159,32","159,32","654,44","654,44","654,44",,,,,
20-12-2021,"1658,30","426,61","426,61","2228,44","2228,44","2006,43","2439,27","2281,06","2271,73","2271,73","2271,73","426,61","426,61","426,61","2006,43","2006,43","2228,44",,,,,
21-12-2021,"2303,52","465,37","465,37","3074,68","3074,68","3015,47","3200,87","3200,87","2881,11","2881,11","2879,36","465,37","465,37","465,37","3025,66","3074,68","3074,68",,,,,
22-12-2021,"1832,62","522,75","522,75","2787,71","2829,97","2682,67","3001,98","3001,98","1919,64","1919,64","1919,64","461,12","461,12","461,12","2682,67","2730,22","2829,97",,,,,
23-12-2021,"1439,84","290,60","290,60","1763,25","1907,65","1304,49","2041,69","2041,69","1819,68","1819,68","1819,68","290,60","290,60","290,60","1304,49","1907,65","1907,65",,,,,
24-12-2021,"994,44","231,27","231,27","1036,81","1036,81","1015,07","1357,23","1324,37","1486,73","1486,73","1486,73","231,27","231,27","231,27","1027,78","1039,51","1039,51",,,,,
25-12-2021,"1066,65","235,98","235,98","958,99","958,99","958,99","1465,30","1458,19","1489,73","1489,73","1489,73","235,98","235,98","235,98","958,99","958,99","958,99",,,,,
26-12-2021,"1176,76","370,99","370,99","1167,77","1167,77","1146,59","1280,22","1250,24","1388,47","1388,47","1388,47","370,99","370,99","370,99","1146,59","1165,21","1167,77",,,,,
27-12-2021,"1212,50","470,92","470,92","1110,63","1110,63","1175,19","1106,68","1110,63","1333,89","1333,89","1333,89","429,32","429,32","429,32","1175,19","1175,19","1175,19",,,,,
28-12-2021,"918,37","448,37","448,37","816,44","816,44","980,77","816,44","816,44","1090,20","1090,20","1090,20","448,37","448,37","446,78","986,66","986,66","986,66",,,,,
29-12-2021,"1191,93","876,56","876,56","1151,57","1154,84","1151,57","1157,07","1157,07","1242,64","1242,64","1242,64","507,89","507,89","488,13","1151,57","1154,84","1154,84",,,,,
30-12-2021,"695,81","405,57","405,57","524,36","524,36","545,46","527,91","524,28","1035,96","1035,96","1035,96","405,57","405,57","405,57","847,25","847,25","847,25",,,,,
31-12-2021,"478,85","281,86","281,86","324,39","324,39","483,68","316,85","324,39","1010,22","1010,22","1010,22","281,86","281,86","281,86","605,99","605,99","605,99",,,,,
